-- MySQL dump 10.13  Distrib 5.5.53, for Win32 (AMD64)
--
-- Host: localhost    Database: keshe2019
-- ------------------------------------------------------
-- Server version	5.5.53

/*!40101 SET @OLD_CHARACTER_SET_CLIENT=@@CHARACTER_SET_CLIENT */;
/*!40101 SET @OLD_CHARACTER_SET_RESULTS=@@CHARACTER_SET_RESULTS */;
/*!40101 SET @OLD_COLLATION_CONNECTION=@@COLLATION_CONNECTION */;
/*!40101 SET NAMES utf8 */;
/*!40103 SET @OLD_TIME_ZONE=@@TIME_ZONE */;
/*!40103 SET TIME_ZONE='+00:00' */;
/*!40014 SET @OLD_UNIQUE_CHECKS=@@UNIQUE_CHECKS, UNIQUE_CHECKS=0 */;
/*!40014 SET @OLD_FOREIGN_KEY_CHECKS=@@FOREIGN_KEY_CHECKS, FOREIGN_KEY_CHECKS=0 */;
/*!40101 SET @OLD_SQL_MODE=@@SQL_MODE, SQL_MODE='NO_AUTO_VALUE_ON_ZERO' */;
/*!40111 SET @OLD_SQL_NOTES=@@SQL_NOTES, SQL_NOTES=0 */;

create database if not exists keshe2019;
use keshe2019;

--
-- Table structure for table `t_college`
--

DROP TABLE IF EXISTS `t_college`;
/*!40101 SET @saved_cs_client     = @@character_set_client */;
/*!40101 SET character_set_client = utf8 */;
CREATE TABLE `t_college` (
  `cid` bigint(20) NOT NULL AUTO_INCREMENT,
  `name` varchar(255) COLLATE utf8_bin DEFAULT NULL,
  `number` int(11) DEFAULT NULL,
  PRIMARY KEY (`cid`)
) ENGINE=InnoDB AUTO_INCREMENT=4 DEFAULT CHARSET=utf8 COLLATE=utf8_bin;
/*!40101 SET character_set_client = @saved_cs_client */;

--
-- Dumping data for table `t_college`
--

LOCK TABLES `t_college` WRITE;
/*!40000 ALTER TABLE `t_college` DISABLE KEYS */;
INSERT INTO `t_college` VALUES (1,'电气与信息学院',0),(2,'工程学院',0),(3,'理学院',0);
/*!40000 ALTER TABLE `t_college` ENABLE KEYS */;
UNLOCK TABLES;

--
-- Table structure for table `t_info`
--

DROP TABLE IF EXISTS `t_info`;
/*!40101 SET @saved_cs_client     = @@character_set_client */;
/*!40101 SET character_set_client = utf8 */;
CREATE TABLE `t_info` (
  `id` bigint(255) NOT NULL AUTO_INCREMENT,
  `login_time` varchar(255) COLLATE utf8_bin DEFAULT NULL,
  `uid` bigint(20) NOT NULL,
  PRIMARY KEY (`id`)
) ENGINE=InnoDB AUTO_INCREMENT=3 DEFAULT CHARSET=utf8 COLLATE=utf8_bin;
/*!40101 SET character_set_client = @saved_cs_client */;

--
-- Dumping data for table `t_info`
--

LOCK TABLES `t_info` WRITE;
/*!40000 ALTER TABLE `t_info` DISABLE KEYS */;
INSERT INTO `t_info` VALUES (1,'2019-05-02 18:15',1),(2,'2019-05-02 18:16',1);
/*!40000 ALTER TABLE `t_info` ENABLE KEYS */;
UNLOCK TABLES;

--
-- Table structure for table `t_major`
--

DROP TABLE IF EXISTS `t_major`;
/*!40101 SET @saved_cs_client     = @@character_set_client */;
/*!40101 SET character_set_client = utf8 */;
CREATE TABLE `t_major` (
  `mid` bigint(20) NOT NULL AUTO_INCREMENT,
  `name` varchar(255) COLLATE utf8_bin DEFAULT NULL,
  `number` int(11) DEFAULT NULL,
  `cid` bigint(20) DEFAULT NULL,
  PRIMARY KEY (`mid`)
) ENGINE=InnoDB AUTO_INCREMENT=20 DEFAULT CHARSET=utf8 COLLATE=utf8_bin;
/*!40101 SET character_set_client = @saved_cs_client */;

--
-- Dumping data for table `t_major`
--

LOCK TABLES `t_major` WRITE;
/*!40000 ALTER TABLE `t_major` DISABLE KEYS */;
INSERT INTO `t_major` VALUES (1,'多媒体',80,1),(2,'软件开发',80,1),(3,'高电压与绝缘技术',50,1),(4,'电机与电器',40,1),(5,'电气工程',40,1),(6,'电力电子与电力传动',80,1),(7,'信息与计算科学专业',50,1),(8,'机械',50,3),(9,'水利水电',40,3),(10,'土木建筑',40,3),(11,'工程测量',38,3),(12,'道路与桥梁',30,3),(13,'制冷与空调维护',30,3),(14,'数学',30,2),(15,'物理',30,2),(16,'化学',30,2),(17,'生物工程',28,2),(18,'量子物理',28,2),(19,'计算科学',20,2);
/*!40000 ALTER TABLE `t_major` ENABLE KEYS */;
UNLOCK TABLES;

--
-- Table structure for table `t_student`
--

DROP TABLE IF EXISTS `t_student`;
/*!40101 SET @saved_cs_client     = @@character_set_client */;
/*!40101 SET character_set_client = utf8 */;
CREATE TABLE `t_student` (
  `sid` bigint(20) NOT NULL AUTO_INCREMENT,
  `account` varchar(255) COLLATE utf8_bin DEFAULT NULL,
  `password` varchar(255) COLLATE utf8_bin DEFAULT NULL,
  `name` varchar(255) COLLATE utf8_bin DEFAULT NULL,
  `phone` varchar(255) COLLATE utf8_bin DEFAULT NULL,
  `cid` bigint(20) NOT NULL DEFAULT '0',
  `mid` bigint(20) DEFAULT NULL,
  `wish` varchar(255) CHARACTER SET utf8 DEFAULT NULL,
  PRIMARY KEY (`sid`)
) ENGINE=InnoDB AUTO_INCREMENT=57 DEFAULT CHARSET=utf8 COLLATE=utf8_bin;
/*!40101 SET character_set_client = @saved_cs_client */;

--
-- Dumping data for table `t_student`
--

LOCK TABLES `t_student` WRITE;
/*!40000 ALTER TABLE `t_student` DISABLE KEYS */;
INSERT INTO `t_student` VALUES (1,'20164081111','c4ca4238a0b923820dcc509a6f75849b','吴帆','15645980322',1,NULL,NULL),(2,'20164081101','c4ca4238a0b923820dcc509a6f75849b','华罗庚','110',1,NULL,NULL),(3,'20167081102','c4ca4238a0b923820dcc509a6f75849b','徐志摩','112',1,NULL,NULL),(4,'20164081103','c4ca4238a0b923820dcc509a6f75849b','li','1338888888',1,NULL,NULL),(5,'20164081104','c4ca4238a0b923820dcc509a6f75849b','li','1338888888',1,NULL,NULL),(6,'20164081105','c4ca4238a0b923820dcc509a6f75849b','li','1338888888',1,NULL,NULL),(7,'20164081106','c4ca4238a0b923820dcc509a6f75849b','li','1338888888',1,NULL,NULL),(8,'20164081107','c4ca4238a0b923820dcc509a6f75849b','li','1338888888',1,NULL,NULL),(9,'20164081108','c4ca4238a0b923820dcc509a6f75849b','li','1338888888',1,NULL,NULL),(10,'20164081109','c4ca4238a0b923820dcc509a6f75849b','li','1338888888',1,NULL,NULL),(11,'20164081110','c4ca4238a0b923820dcc509a6f75849b','li','1338888888',1,NULL,NULL),(12,'20164081112','c4ca4238a0b923820dcc509a6f75849b','li','1338888888',1,NULL,NULL),(13,'20164081113','c4ca4238a0b923820dcc509a6f75849b','li','1338888888',1,NULL,NULL),(14,'20164081114','c4ca4238a0b923820dcc509a6f75849b','li','1338888888',1,NULL,NULL),(15,'20164081115','c4ca4238a0b923820dcc509a6f75849b','li','1338888888',1,NULL,NULL),(16,'20164081116','c4ca4238a0b923820dcc509a6f75849b','li','1338888888',1,NULL,NULL),(17,'20164081117','c4ca4238a0b923820dcc509a6f75849b','li','1338888888',1,NULL,NULL),(18,'20164081118','c4ca4238a0b923820dcc509a6f75849b','li','1338888888',1,NULL,NULL),(19,'20164081119','c4ca4238a0b923820dcc509a6f75849b','li','1338888888',1,NULL,NULL),(20,'20164081120','c4ca4238a0b923820dcc509a6f75849b','li','1338888888',1,NULL,NULL),(21,'20164081201','c4ca4238a0b923820dcc509a6f75849b','li','1338888888',2,NULL,NULL),(22,'20164081202','c4ca4238a0b923820dcc509a6f75849b','li','1338888888',2,NULL,NULL),(23,'20164081203','c4ca4238a0b923820dcc509a6f75849b','li','1338888888',2,NULL,NULL),(24,'20164081204','c4ca4238a0b923820dcc509a6f75849b','li','1338888888',2,NULL,NULL),(25,'20164081205','c4ca4238a0b923820dcc509a6f75849b','li','1338888888',2,NULL,NULL),(26,'20164081206','c4ca4238a0b923820dcc509a6f75849b','li','1338888888',2,NULL,NULL),(27,'20164081207','c4ca4238a0b923820dcc509a6f75849b','li','1338888888',2,NULL,NULL),(28,'20164081208','c4ca4238a0b923820dcc509a6f75849b','li','1338888888',2,NULL,NULL),(29,'20164081209','c4ca4238a0b923820dcc509a6f75849b','li','1338888888',2,NULL,NULL),(30,'20164081212','c4ca4238a0b923820dcc509a6f75849b','li','1338888888',2,NULL,NULL),(31,'20164081213','c4ca4238a0b923820dcc509a6f75849b','li','1338888888',2,NULL,NULL),(32,'20164081214','c4ca4238a0b923820dcc509a6f75849b','li','1338888888',2,NULL,NULL),(33,'20164081215','c4ca4238a0b923820dcc509a6f75849b','li','1338888888',2,NULL,NULL),(34,'20164081216','c4ca4238a0b923820dcc509a6f75849b','li','1338888888',2,NULL,NULL),(35,'20164081217','c4ca4238a0b923820dcc509a6f75849b','li','1338888888',2,NULL,NULL),(36,'20164081218','c4ca4238a0b923820dcc509a6f75849b','li','1338888888',2,NULL,NULL),(37,'20164081219','c4ca4238a0b923820dcc509a6f75849b','li','1338888888',2,NULL,NULL),(38,'20164081220','c4ca4238a0b923820dcc509a6f75849b','li','1338888888',2,NULL,NULL),(39,'20164081301','c4ca4238a0b923820dcc509a6f75849b','li','1338888888',3,NULL,NULL),(40,'20164081302','c4ca4238a0b923820dcc509a6f75849b','li','1338888888',3,NULL,NULL),(41,'20164081303','c4ca4238a0b923820dcc509a6f75849b','li','1338888888',3,NULL,NULL),(42,'20164081304','c4ca4238a0b923820dcc509a6f75849b','li','1338888888',3,NULL,NULL),(43,'20164081305','c4ca4238a0b923820dcc509a6f75849b','li','1338888888',3,NULL,NULL),(44,'20164081306','c4ca4238a0b923820dcc509a6f75849b','li','1338888888',3,NULL,NULL),(45,'20164081307','c4ca4238a0b923820dcc509a6f75849b','li','1338888888',3,NULL,NULL),(46,'20164081308','c4ca4238a0b923820dcc509a6f75849b','li','1338888888',3,NULL,NULL),(47,'20164081309','c4ca4238a0b923820dcc509a6f75849b','li','1338888888',3,NULL,NULL),(48,'20164081312','c4ca4238a0b923820dcc509a6f75849b','li','1338888888',3,NULL,NULL),(49,'20164081313','c4ca4238a0b923820dcc509a6f75849b','li','1338888888',3,NULL,NULL),(50,'20164081314','c4ca4238a0b923820dcc509a6f75849b','li','1338888888',3,NULL,NULL),(51,'20164081315','c4ca4238a0b923820dcc509a6f75849b','li','1338888888',3,NULL,NULL),(52,'20164081316','c4ca4238a0b923820dcc509a6f75849b','li','1338888888',3,NULL,NULL),(53,'20164081317','c4ca4238a0b923820dcc509a6f75849b','li','1338888888',3,NULL,NULL),(54,'20164081318','c4ca4238a0b923820dcc509a6f75849b','li','1338888888',3,NULL,NULL),(55,'20164081319','c4ca4238a0b923820dcc509a6f75849b','li','1338888888',3,NULL,NULL);
/*!40000 ALTER TABLE `t_student` ENABLE KEYS */;
UNLOCK TABLES;

--
-- Table structure for table `t_user`
--

DROP TABLE IF EXISTS `t_user`;
/*!40101 SET @saved_cs_client     = @@character_set_client */;
/*!40101 SET character_set_client = utf8 */;
CREATE TABLE `t_user` (
  `uid` bigint(20) NOT NULL AUTO_INCREMENT,
  `account` varchar(255) CHARACTER SET utf8 NOT NULL DEFAULT '',
  `password` varchar(255) CHARACTER SET utf8 NOT NULL DEFAULT '',
  `name` varchar(255) CHARACTER SET utf8 DEFAULT '',
  `phone` varchar(255) COLLATE utf8_bin DEFAULT NULL,
  PRIMARY KEY (`uid`)
) ENGINE=InnoDB AUTO_INCREMENT=5 DEFAULT CHARSET=utf8 COLLATE=utf8_bin;
/*!40101 SET character_set_client = @saved_cs_client */;

--
-- Dumping data for table `t_user`
--

LOCK TABLES `t_user` WRITE;
/*!40000 ALTER TABLE `t_user` DISABLE KEYS */;
INSERT INTO `t_user` VALUES (4,'admin','c4ca4238a0b923820dcc509a6f75849b','吴帆','15645980322');
/*!40000 ALTER TABLE `t_user` ENABLE KEYS */;
UNLOCK TABLES;
/*!40103 SET TIME_ZONE=@OLD_TIME_ZONE */;

/*!40101 SET SQL_MODE=@OLD_SQL_MODE */;
/*!40014 SET FOREIGN_KEY_CHECKS=@OLD_FOREIGN_KEY_CHECKS */;
/*!40014 SET UNIQUE_CHECKS=@OLD_UNIQUE_CHECKS */;
/*!40101 SET CHARACTER_SET_CLIENT=@OLD_CHARACTER_SET_CLIENT */;
/*!40101 SET CHARACTER_SET_RESULTS=@OLD_CHARACTER_SET_RESULTS */;
/*!40101 SET COLLATION_CONNECTION=@OLD_COLLATION_CONNECTION */;
/*!40111 SET SQL_NOTES=@OLD_SQL_NOTES */;

-- Dump completed on 2019-05-26 10:31:42
